{
  "type": "region",
  "polygon": [
    [
      0.14210470769737824,
      1.0467437655910792
    ],
    [
      0.21724113199573425,
      0.7043974328123915
    ],
    [
      0.3671474614495272,
      0.5511400711947694
    ],
    [
      0.6548126287632325,
      0.3919485901203666
    ],
    [
      0.7826230898867773,
      0.5990668124545336
    ],
    [
      0.8519824743610319,
      0.8510749031499949
    ],
    [
      0.9048135908189003,
      1.0799573812565313
    ],
    [
      0.8147895080010328,
      1.442322640555594
    ],
    [
      0.4409923421014072,
      1.7451198124840903
    ],
    [
      0.22055725757452344,
      2.269486532953267
    ],
    [
      0.15255922991682433,
      3.141592653589793
    ],
    [
      0.43942154577461245,
      3.141592653589793
    ],
    [
      0.6074792994491462,
      2.5830872929516078
    ],
    [
      0.6925641004838698,
      2.302595428863599
    ],
    [
      0.7464773210779748,
      2.2029894884522827
    ],
    [
      0.7157769795353945,
      1.9113624237365503
    ],
    [
      0.711291483357769,
      1.4793585272829135
    ],
    [
      0.6544461096203138,
      0.980316534260175
    ],
    [
      0.4345520771615481,
      0.6311285108136695
    ],
    [
      0.14210470769737824,
      1.0467437655910792
    ]
  ],
  "color_rgb": [
    255,
    0,
    0
  ],
  "led_ids": [
    135,
    140,
    141,
    167,
    197,
    227,
    228,
    229,
    289,
    290,
    291,
    292,
    293,
    357,
    358,
    388,
    389
  ]
}